URL,OBJECTID,NAME,the_geom,lat,lon,LINE,NOTES
http://web.mta.info/nyct/service/,1,Astor Pl,POINT (-73.99106999861966 40.73005400028978),40.730054,-73.99107,4-6-6 Express,"4 nights, 6-all times, 6 Express-weekdays AM southbound, PM northbound"
http://web.mta.info/nyct/service/,2,Canal St,POINT (-74.00019299927328 40.71880300107709),40.718803,-74.000193,4-6-6 Express,"4 nights, 6-all times, 6 Express-weekdays AM southbound, PM northbound"
http://web.mta.info/nyct/service/,3,50th St,POINT (-73.98384899986625 40.76172799961419),40.761728,-73.983849,01-Feb,"1-all times, 2-nights"
http://web.mta.info/nyct/service/,4,Bergen St,POINT (-73.97499915116808 40.68086213682956),40.68086214,-73.97499915,02/03/2004,"4-nights, 3-all other times, 2-all times"
http://web.mta.info/nyct/service/,5,Pennsylvania Ave,POINT (-73.89488591154061 40.66471445143568),40.66471445,-73.89488591,03-Apr,"4-nights, 3-all other times"
http://web.mta.info/nyct/service/,6,238th St,POINT (-73.90087000018522 40.88466700064975),40.884667,-73.90087,1,"1-all times, exit only northbound"
http://web.mta.info/nyct/service/,7,Cathedral Pkwy (110th St),POINT (-73.95806670661364 40.800581558114956),40.80058156,-73.95806671,A-B-C,"A-nights, B-weekdays and evenings, C-all times exc nights"
http://web.mta.info/nyct/service/,8,Kingston - Throop Aves,POINT (-73.94085899871263 40.67991899941601),40.679919,-73.940859,A-C,"A-nights, C-all other times"
http://web.mta.info/nyct/service/,9,65th St,POINT (-73.8987883783301 40.74971952935675),40.74971953,-73.89878838,E-M-R,"E-nights, R-all other times, M-weekdays and evenings"
http://web.mta.info/nyct/service/,10,36th St,POINT (-73.92901818461539 40.75196004401078),40.75196004,-73.92901818,E-M-R,"E-nights, R-all other times, M-weekdays and evenings"
http://web.mta.info/nyct/service/,11,Delancey St - Essex St,POINT (-73.98740940202974 40.71830605618619),40.71830606,-73.9874094,J-M-Z,"J-all times, M-all times exc nights, Z-rush hours AM westbound, PM eastbound"
http://web.mta.info/nyct/service/,12,Van Siclen Ave,POINT (-73.89165772702445 40.67802821447783),40.67802821,-73.89165773,J-Z,"Z-rush hours AM westbound, PM eastbound, J-all other times"
http://web.mta.info/nyct/service/,13,Norwood Ave,POINT (-73.87962599910783 40.68152000045683),40.68152,-73.879626,J-Z,"Z-rush hours AM westbound, PM eastbound, J-all other times"
http://web.mta.info/nyct/service/,14,104th-102nd Sts,POINT (-73.84443500029684 40.69516599823373),40.695166,-73.844435,J-Z,"Z-rush hours AM westbound, PM eastbound, J-all other times"
http://web.mta.info/nyct/service/,15,DeKalb Ave,POINT (-73.98177094440949 40.690648119969794),40.69064812,-73.98177094,B-D-N-Q-R,"B-weekdays and evenings, D-all other times, N-nights, R-all other times, Q-all times"
http://web.mta.info/nyct/service/,16,Beach 105th St,POINT (-73.82758075034528 40.58326843810286),40.58326844,-73.82758075,A-S,"A-rush hours AM northbound, PM southbound, S Broad Channel to Rockaway Park-all times"
http://web.mta.info/nyct/service/,17,Beach 90th St,POINT (-73.81365140419632 40.58809156457325),40.58809156,-73.8136514,A-S,"A-rush hours AM northbound, PM southbound, S Broad Channel to Rockaway Park-all times"
http://web.mta.info/nyct/service/,18,Freeman St,POINT (-73.89175225349464 40.829987446384116),40.82998745,-73.89175225,02-May,"2-all times, 5-all times exc nights, skips rush hours AM southbound, PM northbound"
http://web.mta.info/nyct/service/,19,Intervale Ave,POINT (-73.89661738461646 40.822142131170786),40.82214213,-73.89661738,02-May,"2-all times, 5-all times exc nights, skips rush hours AM southbound, PM northbound"
http://web.mta.info/nyct/service/,20,182nd-183rd Sts,POINT (-73.90074099998965 40.85609299881864),40.856093,-73.900741,B-D,"B-rush hours, D-all times, skips rush hours AM southbound, PM northbound"
http://web.mta.info/nyct/service/,21,174th-175th Sts,POINT (-73.91013600050078 40.84589999983414),40.8459,-73.910136,B-D,"B-rush hours, D-all times, skips rush hours AM southbound, PM northbound"
http://web.mta.info/nyct/service/,22,167th St,POINT (-73.91843200082253 40.83376899862797),40.833769,-73.918432,B-D,"B-rush hours, D-all times, skips rush hours AM southbound, PM northbound"
http://web.mta.info/nyct/service/,23,Mets - Willets Point,POINT (-73.8456249984179 40.75462199881262),40.754622,-73.845625,7-7 Express,"7-all times, 7 Express-rush hours AM westbound, PM eastbound"
http://web.mta.info/nyct/service/,24,Junction Blvd,POINT (-73.86952700103515 40.74914499948836),40.749145,-73.869527,7-7 Express,"7-all times, 7 Express-rush hours AM westbound, PM eastbound"
http://web.mta.info/nyct/service/,25,Flushing - Main St,POINT (-73.83003000262508 40.75959999915012),40.7596,-73.83003,7-7 Express,"7-all times, 7 Express-rush hours AM westbound, PM eastbound"
http://web.mta.info/nyct/service/,26,Buhre Ave,POINT (-73.83256900003744 40.846809998885504),40.84681,-73.832569,6-6 Express,"6 Express-weekdays AM southbound, PM northbound, 6-all other times"
http://web.mta.info/nyct/service/,27,3rd Ave - 138th St,POINT (-73.92613800014134 40.81047600117261),40.810476,-73.926138,6-6 Express,"6-all times, 6 Express-weekdays AM southbound, PM northbound"
http://web.mta.info/nyct/service/,28,Castle Hill Ave,POINT (-73.85122199961472 40.83425499825462),40.834255,-73.851222,6-6 Express,"6 Express-weekdays AM southbound, PM northbound, 6-all other times"
http://web.mta.info/nyct/service/,29,Brooklyn Bridge - City Hall,POINT (-74.0041310005885 40.713064999433136),40.713065,-74.004131,4-5-6-6 Express,"4,6-all times, 5-all times exc nights, 6 Express-weekdays AM southbound, PM northbound"
http://web.mta.info/nyct/service/,30,Zerega Ave,POINT (-73.8470359987544 40.836488000608156),40.836488,-73.847036,6-6 Express,"6 Express-weekdays AM southbound, PM northbound, 6-all other times"
http://web.mta.info/nyct/service/,31,Grand Central - 42nd St,POINT (-73.9767132992584 40.75180742981634),40.75180743,-73.9767133,4-5-6-6 Express,"4,6-all times, 5-all times exc nights, 6 Express-weekdays AM southbound, PM northbound"
http://web.mta.info/nyct/service/,32,33rd St,POINT (-73.98207600148947 40.74608099909145),40.746081,-73.982076,4-6-6 Express,"4 nights, 6-all times, 6 Express-weekdays AM southbound, PM northbound"
http://web.mta.info/nyct/service/,33,96th St,POINT (-73.9510700015425 40.78567199998607),40.785672,-73.95107,4-6-6 Express,"4 nights, 6-all times, 6 Express-weekdays AM southbound, PM northbound"
http://web.mta.info/nyct/service/,34,77th St,POINT (-73.95987399886047 40.77362000074615),40.77362,-73.959874,4-6-6 Express,"4 nights, 6-all times, 6 Express-weekdays AM southbound, PM northbound"
http://web.mta.info/nyct/service/,35,Chauncey St,POINT (-73.91038357033376 40.68285130087804),40.6828513,-73.91038357,J-Z,"Z-rush hours AM westbound, PM eastbound, J-all other times"
http://web.mta.info/nyct/service/,36,Union St,POINT (-73.98310999909673 40.67731566735096),40.67731567,-73.98311,D-N-R,"D,N-nights, R-all other times"
http://web.mta.info/nyct/service/,37,Elmhurst Ave,POINT (-73.8820347465864 40.74237007972169),40.74237008,-73.88203475,E-M-R,"E-nights, R-all other times, M-weekdays and evenings"
http://web.mta.info/nyct/service/,38,Ralph Ave,POINT (-73.92078599933306 40.678822000873375),40.678822,-73.920786,A-C,"A-nights, C-all other times"
http://web.mta.info/nyct/service/,39,Pelham Pkwy,POINT (-73.86748067850041 40.8571924091606),40.85719241,-73.86748068,02-May,"2-all times, 5-rush hours AM southbound, PM northbound"
http://web.mta.info/nyct/service/,40,Gun Hill Rd,POINT (-73.86613410538703 40.877839385172024),40.87783939,-73.86613411,02-May,"2-all times, 5-rush hours AM southbound, PM northbound"
http://web.mta.info/nyct/service/,41,Nereid Ave (238 St),POINT (-73.8543153107622 40.898286515575286),40.89828652,-73.85431531,02-May,"2-all times, 5-rush hours AM southbound, PM northbound"
http://web.mta.info/nyct/service/,42,Franklin Ave,POINT (-73.9580997367769 40.67076515344894),40.67076515,-73.95809974,2-3-4-5,"2,4-all times, 3-all times exc nights, 5-weekdays"
http://web.mta.info/nyct/service/,43,Simpson St,POINT (-73.89306639507903 40.823976841237396),40.82397684,-73.8930664,02-May,"2-all times, 5-all times exc nights, skips rush hours AM southbound, PM northbound"
http://web.mta.info/nyct/service/,44,Bronx Park East,POINT (-73.86835609178098 40.848768666338934),40.84876867,-73.86835609,02-May,"2-all times, 5-rush hours AM southbound, PM northbound"
http://web.mta.info/nyct/service/,45,Winthrop St,POINT (-73.95007934590994 40.65665931376077),40.65665931,-73.95007935,02-May,"2-all times, 5-weekdays"
http://web.mta.info/nyct/service/,46,Van Siclen Ave,POINT (-73.88940491730106 40.665517963059635),40.66551796,-73.88940492,03-Apr,"4-nights, 3-all other times"
http://web.mta.info/nyct/service/,47,149th St - Grand Concourse,POINT (-73.9273847542618 40.81830344372315),40.81830344,-73.92738475,4,4-all times
http://web.mta.info/nyct/service/,48,161st St - Yankee Stadium,POINT (-73.92569199505733 40.82823032742169),40.82823033,-73.925692,4,4-all times
http://web.mta.info/nyct/service/,49,Lexington Ave - 59th St,POINT (-73.9679670004732 40.762526000304575),40.762526,-73.967967,4-5-6-6 Express,"4,6-all times, 5-all times exc nights, 6 Express-weekdays AM southbound, PM northbound"
http://web.mta.info/nyct/service/,50,E 149th St,POINT (-73.90409799875945 40.81211799827203),40.812118,-73.904098,6,6-all times
http://web.mta.info/nyct/service/,51,Morrison Av - Soundview,POINT (-73.87451599929486 40.82952100156747),40.829521,-73.874516,6,6-all times
http://web.mta.info/nyct/service/,52,Whitlock Ave,POINT (-73.8862829985325 40.82652500055904),40.826525,-73.886283,6,6-all times
http://web.mta.info/nyct/service/,53,St Lawrence Ave,POINT (-73.86761799923673 40.8315090005233),40.831509,-73.867618,6,6-all times
http://web.mta.info/nyct/service/,54,Woodside - 61st St,POINT (-73.90298400173006 40.745630001138395),40.74563,-73.902984,7-7 Express,"7-all times, 7 Express-rush hours AM westbound, PM eastbound"
http://web.mta.info/nyct/service/,55,Far Rockaway - Mott Ave,POINT (-73.75540499924732 40.603995001687544),40.603995,-73.755405,A,A-all times
http://web.mta.info/nyct/service/,56,72nd St,POINT (-73.976336575218 40.77551939729258),40.7755194,-73.97633658,A-B-C,"A-nights, B-weekdays and evenings, C-all times exc nights"
http://web.mta.info/nyct/service/,57,96th St,POINT (-73.96460245687166 40.79161879767014),40.7916188,-73.96460246,A-B-C,"A-nights, B-weekdays and evenings, C-all times exc nights"
http://web.mta.info/nyct/service/,58,168th St,POINT (-73.93956099985425 40.84071899990795),40.840719,-73.939561,A-C,"A-all times, C-all times exc nights"
http://web.mta.info/nyct/service/,59,Kingsbridge Rd,POINT (-73.8935090000331 40.86697799999945),40.866978,-73.893509,B-D,"B-rush hours, D-all times"
http://web.mta.info/nyct/service/,60,42nd St - Bryant Pk,POINT (-73.98459099904711 40.754184001312545),40.754184,-73.984591,B-D-F-M,"B,M-weekdays and evenings, D,F-all times"
http://web.mta.info/nyct/service/,61,Prospect Park,POINT (-73.96203130426609 40.6616334551018),40.66163346,-73.9620313,B-Q-S,"B-weekdays and evenings, Q,S to Franklin Av-Fulton St-all times"
http://web.mta.info/nyct/service/,62,55th St,POINT (-73.99534882595742 40.63147876093745),40.63147876,-73.99534883,D,D-all times
http://web.mta.info/nyct/service/,63,Jamaica - Van Wyck,POINT (-73.81701287135405 40.70289855287313),40.70289855,-73.81701287,E,E-all times
http://web.mta.info/nyct/service/,64,Kew Gardens - Union Tpke,POINT (-73.8303702709878 40.714034819571026),40.71403482,-73.83037027,E-F,"E,F-all times"
http://web.mta.info/nyct/service/,65,Sutphin Blvd - Archer Av,POINT (-73.80800471963833 40.700382424235),40.70038242,-73.80800472,E-J-Z,"E,J-all times, Z-rush hours AM westbound, PM eastbound"
http://web.mta.info/nyct/service/,66,Court Sq - 23rd St,POINT (-73.94605470266329 40.747768121414325),40.74776812,-73.9460547,E-M,"E-all times, M-weekdays and evenings"
http://web.mta.info/nyct/service/,67,67th Ave,POINT (-73.85286048434907 40.726505475813006),40.72650548,-73.85286048,E-M-R,"E-nights, R-all other times, M-weekdays and evenings"
http://web.mta.info/nyct/service/,68,Grand Ave - Newtown,POINT (-73.87722085669182 40.736813418197144),40.73681342,-73.87722086,E-M-R,"E-nights, R-all other times, M-weekdays and evenings"
http://web.mta.info/nyct/service/,69,Ditmas Ave,POINT (-73.97817199965161 40.63611866666291),40.63611867,-73.978172,F,F-all times
http://web.mta.info/nyct/service/,70,Classon Ave,POINT (-73.95999000137212 40.68888900026455),40.688889,-73.95999,G,G-all times
http://web.mta.info/nyct/service/,71,Broadway,POINT (-73.95031225606621 40.706126576274166),40.70612658,-73.95031226,G,G-all times
http://web.mta.info/nyct/service/,72,Lorimer St,POINT (-73.95024799996972 40.71407200064717),40.714072,-73.950248,L,L-all times
http://web.mta.info/nyct/service/,73,Sutter Ave,POINT (-73.9019160004208 40.66914500061398),40.669145,-73.901916,L,L-all times
http://web.mta.info/nyct/service/,74,Wilson Ave,POINT (-73.90395860491864 40.68886654246024),40.68886654,-73.9039586,L,L-all times
http://web.mta.info/nyct/service/,75,Halsey St,POINT (-73.9166388842194 40.686415270704344),40.68641527,-73.91663888,J,J-all times
http://web.mta.info/nyct/service/,76,Lorimer St,POINT (-73.94735499884204 40.703844000042096),40.703844,-73.947355,J-M,"J-all times, skips weekdays AM westbound, PM eastbound, M-all times exc nights"
http://web.mta.info/nyct/service/,77,8th Ave,POINT (-74.01151599772157 40.634970999647166),40.634971,-74.011516,N,N-all times
http://web.mta.info/nyct/service/,78,36th Ave,POINT (-73.929861999118 40.7564420005104),40.756442,-73.929862,N-W,"N-all times, W part time"
http://web.mta.info/nyct/service/,79,Broadway,POINT (-73.92582299919906 40.761431998800546),40.761432,-73.925823,N-W,"N-all times, W part time"
http://web.mta.info/nyct/service/,80,Times Sq - 42nd St,POINT (-73.98676800153976 40.75461199851542),40.754612,-73.986768,N-Q-R-W,"N,Q-all times, R-all times exc nights, W part time"
http://web.mta.info/nyct/service/,81,Grand Central - 42nd St,POINT (-73.97918899989101 40.75276866674217),40.75276867,-73.979189,S,"S to Times Sq-all times exc nights, closed nights-use 7"
http://web.mta.info/nyct/service/,82,Park Pl,POINT (-73.95762400074634 40.67477166685263),40.67477167,-73.957624,S,S Franklin Av-Fulton St to Prospect Park-all times
http://web.mta.info/nyct/service/,83,111th St,POINT (-73.83216299845388 40.68433100001238),40.684331,-73.832163,A-S,"S Euclid Av to Ozone Park-Lefferts Blvd-nights, A-all other times"
http://web.mta.info/nyct/service/,84,W 4th St - Washington Sq (Lower),POINT (-74.00030814755975 40.732254493367876),40.73225449,-74.00030815,B-D-F-M,"B,M-weekdays and evenings, D,F-all times"
http://web.mta.info/nyct/service/,85,51st St,POINT (-73.97192000069982 40.75710699989316),40.757107,-73.97192,4-6-6 Express,"4 nights, 6-all times, 6 Express-weekdays AM southbound, PM northbound"
http://web.mta.info/nyct/service/,86,86th St,POINT (-73.97621799859327 40.78864400073892),40.788644,-73.976218,01-Feb,"1-all times, 2-nights"
http://web.mta.info/nyct/service/,87,233rd St,POINT (-73.85736239521543 40.89314324138378),40.89314324,-73.8573624,02-May,"2-all times, 5-rush hours AM southbound, PM northbound"
http://web.mta.info/nyct/service/,88,66th St - Lincoln Ctr,POINT (-73.98220899995783 40.77344000052039),40.77344,-73.982209,01-Feb,"1-all times, 2-nights"
http://web.mta.info/nyct/service/,89,Hunts Point Ave,POINT (-73.89054900017344 40.82094799852307),40.820948,-73.890549,6-6 Express,"6-all times, 6 Express-weekdays AM southbound, PM northbound"
http://web.mta.info/nyct/service/,90,Canal St,POINT (-74.0062770001748 40.72285399778783),40.722854,-74.006277,01-Feb,"1-all times, 2-nights"
http://web.mta.info/nyct/service/,91,Middletown Rd,POINT (-73.83632199755944 40.84386300128381),40.843863,-73.836322,6-6 Express,"6 Express-weekdays AM southbound, PM northbound, 6-all other times"
http://web.mta.info/nyct/service/,92,23rd St,POINT (-73.98659900207888 40.739864000474604),40.739864,-73.986599,4-6-6 Express,"4 nights, 6-all times, 6 Express-weekdays AM southbound, PM northbound"
http://web.mta.info/nyct/service/,93,Court Sq,POINT (-73.94526400039679 40.74702299889643),40.747023,-73.945264,7-7 Express,"7-all times, 7 Express-rush hours AM westbound, PM eastbound"
http://web.mta.info/nyct/service/,94,59th St - Columbus Circle,POINT (-73.98192900232715 40.76824700063689),40.768247,-73.981929,01-Feb,"1-all times, 2-nights"
http://web.mta.info/nyct/service/,95,Hunters Point Ave,POINT (-73.9489160009391 40.74221599986316),40.742216,-73.948916,7-7 Express,"7-all times, 7 Express-rush hours AM westbound, PM eastbound"
http://web.mta.info/nyct/service/,96,23rd St,POINT (-73.9956570016487 40.74408099989751),40.744081,-73.995657,01-Feb,"1-all times, 2-nights"
http://web.mta.info/nyct/service/,97,Houston St,POINT (-74.00536700180581 40.728251000730204),40.728251,-74.005367,01-Feb,"1-all times, 2-nights"
http://web.mta.info/nyct/service/,98,104th St,POINT (-73.83768300060997 40.681711001091195),40.681711,-73.837683,A-S,"S Euclid Av to Ozone Park-Lefferts Blvd-nights, A-all other times"
http://web.mta.info/nyct/service/,99,Broad Channel,POINT (-73.81583268782963 40.60840218069683),40.60840218,-73.81583269,A-S,"A,S to Rockaway Park-all times"
http://web.mta.info/nyct/service/,100,Ocean Pkwy,POINT (-73.96850099975177 40.57631166708091),40.57631167,-73.968501,Q,Q-all times
http://web.mta.info/nyct/service/,101,Vernon Blvd - Jackson Ave,POINT (-73.95358099875249 40.74262599969749),40.742626,-73.953581,7-7 Express,"7-all times, 7 Express-rush hours AM westbound, PM eastbound"
http://web.mta.info/nyct/service/,102,68th St - Hunter College,POINT (-73.96387000158042 40.76814100049679),40.768141,-73.96387,4-6-6 Express,"4 nights, 6-all times, 6 Express-weekdays AM southbound, PM northbound"
http://web.mta.info/nyct/service/,103,Queensboro Plz,POINT (-73.9401635351909 40.750635651014804),40.75063565,-73.94016354,7-7 Express-N-W,"7,N-all times, 7 Express-rush hours AM westbound, PM eastbound, W part time"
http://web.mta.info/nyct/service/,104,Rockaway Blvd,POINT (-73.8438529979573 40.680428999588415),40.680429,-73.843853,A-S,"A-all times, S Euclid Av to Ozone Park-Lefferts Blvd-nights"
http://web.mta.info/nyct/service/,105,Union Sq - 14th St,POINT (-73.98995099881881 40.734673000996125),40.734673,-73.989951,4-5-6-6 Express,"4,6-all times, 5-all times exc nights, 6 Express-weekdays AM southbound, PM northbound"
http://web.mta.info/nyct/service/,106,Bedford - Nostrand Aves,POINT (-73.95352200064022 40.68962700158444),40.689627,-73.953522,G,G-all times
http://web.mta.info/nyct/service/,107,15th St - Prospect Park,POINT (-73.97973580592873 40.66003568810021),40.66003569,-73.97973581,F-G,"F,G-all times"
http://web.mta.info/nyct/service/,108,7th Ave,POINT (-73.98025117900944 40.66624469001985),40.66624469,-73.98025118,F-G,"F,G-all times"
http://web.mta.info/nyct/service/,109,Ft Hamilton Pkwy,POINT (-73.97577599917474 40.65078166803418),40.65078167,-73.975776,F-G,"F,G-all times"
http://web.mta.info/nyct/service/,110,Church Ave,POINT (-73.97972116229084 40.64427200012998),40.644272,-73.97972116,F-G,"F,G-all times"
http://web.mta.info/nyct/service/,111,Beverly Rd,POINT (-73.96435779623125 40.64390459860419),40.6439046,-73.9643578,Q,Q-all times
http://web.mta.info/nyct/service/,112,Church Ave,POINT (-73.96288246192114 40.65049324646484),40.65049325,-73.96288246,B-Q,"B-weekdays and evenings, Q-all times"
http://web.mta.info/nyct/service/,113,Newkirk Ave,POINT (-73.96269486837261 40.63514193733789),40.63514194,-73.96269487,B-Q,"B-weekdays and evenings, Q-all times"
http://web.mta.info/nyct/service/,114,Parkside Ave,POINT (-73.96145343987648 40.65507304163716),40.65507304,-73.96145344,Q,Q-all times
http://web.mta.info/nyct/service/,115,Grand Army Plaza,POINT (-73.9709563319228 40.6752946951032),40.6752947,-73.97095633,02/03/2004,"4-nights, 3-all other times, 2-all times"
http://web.mta.info/nyct/service/,116,Atlantic Av - Barclay's Center,POINT (-73.97754993539385 40.68442016526762),40.68442017,-73.97754994,2-3-4-5,"2,4-all times, 3-all times exc nights, 5-weekdays"
http://web.mta.info/nyct/service/,117,Rockaway Ave,POINT (-73.91194599726617 40.678339999883505),40.67834,-73.911946,A-C,"A-nights, C-all other times"
http://web.mta.info/nyct/service/,118,Fulton St,POINT (-73.97537499833149 40.68711899950771),40.687119,-73.975375,G,G-all times
http://web.mta.info/nyct/service/,119,Clinton - Washington Aves,POINT (-73.9667959986695 40.68809400106055),40.688094,-73.966796,G,G-all times
http://web.mta.info/nyct/service/,120,7th Ave,POINT (-73.97285279191024 40.67710217983294),40.67710218,-73.97285279,B-Q,"B-weekdays and evenings, Q-all times"
http://web.mta.info/nyct/service/,121,Atlantic Av - Barclay's Center,POINT (-73.97678343963167 40.684488323453685),40.68448832,-73.97678344,B-Q,"B-weekdays and evenings, Q-all times"
http://web.mta.info/nyct/service/,122,Atlantic Av - Barclay's Center,POINT (-73.97880999956767 40.683665667279435),40.68366567,-73.97881,D-N-Q-R,"D,N-all times, R-all times exc nights"
http://web.mta.info/nyct/service/,123,Borough Hall,POINT (-73.99015100090539 40.692403999991036),40.692404,-73.990151,04-May,"4-all times, 5-weekdays"
http://web.mta.info/nyct/service/,124,Aqueduct Racetrack,POINT (-73.83591899965162 40.672096999172844),40.672097,-73.835919,A,"A-to Manhattan only, racing days only"
http://web.mta.info/nyct/service/,125,Morris Park,POINT (-73.86049500117254 40.85436399966426),40.854364,-73.860495,5,5-all times
http://web.mta.info/nyct/service/,126,Pelham Pkwy,POINT (-73.85535900043564 40.858984999820116),40.858985,-73.855359,5,5-all times
http://web.mta.info/nyct/service/,127,Nostrand Ave,POINT (-73.95042600099683 40.68043800006226),40.680438,-73.950426,A-C,"A-all times, C-all times exc nights"
http://web.mta.info/nyct/service/,128,Nevins St,POINT (-73.98040679874578 40.68831058019022),40.68831058,-73.9804068,2-3-4-5,"2,4-all times, 3-all times exc nights, 5-weekdays"
http://web.mta.info/nyct/service/,129,Eastern Pkwy - Bklyn Museum,POINT (-73.96422203748425 40.67203223545925),40.67203224,-73.96422204,02/03/2004,"4-nights, 3-all other times, 2-all times"
http://web.mta.info/nyct/service/,130,Beverly Rd,POINT (-73.94884798381702 40.64512351894373),40.64512352,-73.94884798,02-May,"2-all times, 5-weekdays"
http://web.mta.info/nyct/service/,131,Church Ave,POINT (-73.94945514035334 40.6508606878022),40.65086069,-73.94945514,02-May,"2-all times, 5-weekdays"
http://web.mta.info/nyct/service/,132,Newkirk Ave,POINT (-73.94829990822407 40.63999124275311),40.63999124,-73.94829991,02-May,"2-all times, 5-weekdays"
http://web.mta.info/nyct/service/,133,Brooklyn College - Flatbush Ave,POINT (-73.94754120734406 40.63284240700742),40.63284241,-73.94754121,02-May,"2-all times, 5-weekdays"
http://web.mta.info/nyct/service/,134,Sterling St,POINT (-73.95072891124937 40.6627729934283),40.66277299,-73.95072891,02-May,"2-all times, 5-weekdays"
http://web.mta.info/nyct/service/,135,Crown Hts - Utica Ave,POINT (-73.93293256081851 40.66897831107809),40.66897831,-73.93293256,03-Apr,"3-all times exc nights, 4-all times"
http://web.mta.info/nyct/service/,136,Kingston Ave,POINT (-73.94215978392963 40.66948144864978),40.66948145,-73.94215978,03-Apr,"4-nights, 3-all other times"
http://web.mta.info/nyct/service/,137,Nassau Ave,POINT (-73.95118300016523 40.724479997808274),40.72448,-73.951183,G,G-all times
http://web.mta.info/nyct/service/,138,Greenpoint Ave,POINT (-73.95442500146235 40.73126699971465),40.731267,-73.954425,G,G-all times
http://web.mta.info/nyct/service/,139,Marcy Ave,POINT (-73.95783200075729 40.708383000017925),40.708383,-73.957832,J-M-Z,"J-all times, M-all times exc nights, Z-rush hours AM westbound, PM eastbound"
http://web.mta.info/nyct/service/,140,Hewes St,POINT (-73.95348800038457 40.706889998054),40.70689,-73.953488,J-M,"J-all times, skips weekdays AM westbound, PM eastbound, M-all times exc nights"
http://web.mta.info/nyct/service/,141,138th St - Grand Concourse,POINT (-73.92984899935611 40.81322399958908),40.813224,-73.929849,04-May,"4-all times, skips rush hours AM southbound, PM northbound, 5-all times exc nights"
http://web.mta.info/nyct/service/,142,5th Ave - 53rd St,POINT (-73.9752485052734 40.76008683231326),40.76008683,-73.97524851,E-M,"E-all times, M-weekdays and evenings"
http://web.mta.info/nyct/service/,143,Lexington Ave - 53rd St,POINT (-73.96907237490204 40.75746830782865),40.75746831,-73.96907237,E-M,"E-all times, M-weekdays and evenings"
http://web.mta.info/nyct/service/,144,28th St,POINT (-73.98869800128737 40.74545399979951),40.745454,-73.988698,N-Q-R-W,"N-all times, R-all times exc nights, part time"
http://web.mta.info/nyct/service/,145,Herald Sq - 34th St,POINT (-73.9879368338264 40.74964456009442),40.74964456,-73.98793683,N-Q-R-W,"N,Q-all times, R-all times exc nights"
http://web.mta.info/nyct/service/,146,1st Ave,POINT (-73.98168087489128 40.73097497580066),40.73097498,-73.98168087,L,L-all times
http://web.mta.info/nyct/service/,147,Times Sq - 42nd St,POINT (-73.98622899953202 40.755983000570076),40.755983,-73.986229,S,"S to Grand Central-all times exc nights, closed nights-use 7"
http://web.mta.info/nyct/service/,148,Metropolitan Ave,POINT (-73.9514239994525 40.71277400073426),40.712774,-73.951424,G,G-all times
http://web.mta.info/nyct/service/,149,Grand St,POINT (-73.94049699874644 40.71157600064823),40.711576,-73.940497,L,L-all times
http://web.mta.info/nyct/service/,150,Graham Ave,POINT (-73.94394399869037 40.714575998363635),40.714576,-73.943944,L,L-all times
http://web.mta.info/nyct/service/,151,Bedford Ave,POINT (-73.95666499806525 40.71717399858899),40.717174,-73.956665,L,L-all times
http://web.mta.info/nyct/service/,152,Montrose Ave,POINT (-73.93979284713505 40.70739106438455),40.70739106,-73.93979285,L,L-all times
http://web.mta.info/nyct/service/,153,Long Island City - Court Sq,POINT (-73.94381559597835 40.74630503357145),40.74630503,-73.9438156,G,G-all times
http://web.mta.info/nyct/service/,154,21st St,POINT (-73.9495999997552 40.7441286664954),40.74412867,-73.9496,G,G-all times
http://web.mta.info/nyct/service/,155,39th Ave,POINT (-73.93285137679598 40.75276306140845),40.75276306,-73.93285138,N-W,"N-all times, W part time"
http://web.mta.info/nyct/service/,156,145th St,POINT (-73.95035999879713 40.82655099962194),40.826551,-73.95036,1,1-all times
http://web.mta.info/nyct/service/,157,157th St,POINT (-73.94488999901047 40.8340410001399),40.834041,-73.94489,1,1-all times
http://web.mta.info/nyct/service/,158,96th St,POINT (-73.97232299915696 40.79391900121471),40.793919,-73.972323,01/02/2003,"1,2,3-all times"
http://web.mta.info/nyct/service/,159,103rd St,POINT (-73.96837899960818 40.799446000334825),40.799446,-73.968379,1,1-all times
http://web.mta.info/nyct/service/,160,Central Park North (110th St),POINT (-73.95182200176913 40.79907499977324),40.799075,-73.951822,02-Mar,"2,3-all times"
http://web.mta.info/nyct/service/,161,103rd St,POINT (-73.96137008267617 40.796060739904526),40.79606074,-73.96137008,A-B-C,"A-nights, B-weekdays and evenings, C-all times exc nights"
http://web.mta.info/nyct/service/,162,72nd St,POINT (-73.98197000159583 40.77845300068614),40.778453,-73.98197,01/02/2003,"1,2,3-all times"
http://web.mta.info/nyct/service/,163,81st St,POINT (-73.97209794937208 40.78134608418206),40.78134608,-73.97209795,A-B-C,"A-nights, B-weekdays and evenings, C-all times exc nights"
http://web.mta.info/nyct/service/,164,75th Ave,POINT (-73.83692369387158 40.71804465348743),40.71804465,-73.83692369,E-F,"E-evenings, weekends, nights, F-all times"
http://web.mta.info/nyct/service/,165,86th St,POINT (-73.96882849429672 40.78582304678557),40.78582305,-73.96882849,A-B-C,"A-nights, B-weekdays and evenings, C-all times exc nights"
http://web.mta.info/nyct/service/,166,Cathedral Pkwy (110th St),POINT (-73.9668470005456 40.80396699961484),40.803967,-73.966847,1,1-all times
http://web.mta.info/nyct/service/,167,116th St - Columbia University,POINT (-73.96410999757751 40.807722001230864),40.807722,-73.96411,1,1-all times
http://web.mta.info/nyct/service/,168,125th St,POINT (-73.94549500011411 40.807753999182815),40.807754,-73.945495,02-Mar,"2,3-all times"
http://web.mta.info/nyct/service/,169,135th St,POINT (-73.94077000106708 40.8142290003391),40.814229,-73.94077,02-Mar,"2,3-all times"
http://web.mta.info/nyct/service/,170,116th St,POINT (-73.94962500096905 40.802097999133004),40.802098,-73.949625,02-Mar,"2,3-all times"
http://web.mta.info/nyct/service/,171,Tremont Ave,POINT (-73.90522700122354 40.850409999510234),40.85041,-73.905227,B-D,"B-rush hours, D-all times"
http://web.mta.info/nyct/service/,172,137th St - City College,POINT (-73.95367600087873 40.82200799968475),40.822008,-73.953676,1,1-all times
http://web.mta.info/nyct/service/,173,145th St,POINT (-73.93624499873299 40.82042099969279),40.820421,-73.936245,3,"3-all times, exit only northbound"
http://web.mta.info/nyct/service/,174,176th St,POINT (-73.91179399884471 40.8484800012369),40.84848,-73.911794,4,4-all times
http://web.mta.info/nyct/service/,175,Burnside Ave,POINT (-73.9076840015997 40.85345300155693),40.853453,-73.907684,4,4-all times
http://web.mta.info/nyct/service/,176,170th St,POINT (-73.91339999846983 40.83930599964156),40.839306,-73.9134,B-D,"B-rush hours, D-all times, skips rush hours AM southbound, PM northbound"
http://web.mta.info/nyct/service/,177,168th St,POINT (-73.94013299907257 40.840555999148535),40.840556,-73.940133,1,1-all times
http://web.mta.info/nyct/service/,178,181st St,POINT (-73.9335959996056 40.84950499974065),40.849505,-73.933596,1,1-all times
http://web.mta.info/nyct/service/,179,191st St,POINT (-73.92941199742039 40.85522500175836),40.855225,-73.929412,1,1-all times
http://web.mta.info/nyct/service/,180,175th St,POINT (-73.93970399761596 40.84739100072403),40.847391,-73.939704,A,A-all times
http://web.mta.info/nyct/service/,181,Beach 44th St,POINT (-73.77601299999507 40.59294299908617),40.592943,-73.776013,A,A-all times
http://web.mta.info/nyct/service/,182,Beach 60th St,POINT (-73.7885219980118 40.59237400121235),40.592374,-73.788522,A,A-all times
http://web.mta.info/nyct/service/,183,Beach 98th St,POINT (-73.82052058959523 40.58538569133279),40.58538569,-73.82052059,A-S,"A-rush hours AM northbound, PM southbound, S Broad Channel to Rockaway Park-all times"
http://web.mta.info/nyct/service/,184,Rockaway Park - Beach 116 St,POINT (-73.83559008701239 40.580955865573515),40.58095587,-73.83559009,A-S,"A-rush hours AM northbound, PM southbound, S to Broad Channel-all times"
http://web.mta.info/nyct/service/,185,Beach 36th St,POINT (-73.76817499939688 40.59539800166876),40.595398,-73.768175,A,A-all times
http://web.mta.info/nyct/service/,186,Beach 25th St,POINT (-73.76135299762073 40.60006600105881),40.600066,-73.761353,A,A-all times
http://web.mta.info/nyct/service/,187,Parsons Blvd,POINT (-73.80328900021885 40.707571999615695),40.707572,-73.803289,F,F-all times
http://web.mta.info/nyct/service/,188,169th St,POINT (-73.79347419927721 40.710517502784),40.7105175,-73.7934742,F,F-all times
http://web.mta.info/nyct/service/,189,103rd St - Corona Plaza,POINT (-73.86269999830412 40.749865000555545),40.749865,-73.8627,7,7-all times
http://web.mta.info/nyct/service/,190,111th St,POINT (-73.85533399834884 40.75172999941711),40.75173,-73.855334,7,7-all times
http://web.mta.info/nyct/service/,191,63rd Dr - Rego Park,POINT (-73.86161820097203 40.729763972422425),40.72976397,-73.8616182,E-M-R,"E-nights, R-all other times, M-weekdays and evenings"
http://web.mta.info/nyct/service/,192,Grant Ave,POINT (-73.86504999877702 40.67704400054478),40.677044,-73.86505,A-S,"A-all times, S Euclid Av to Ozone Park-Lefferts Blvd-nights"
http://web.mta.info/nyct/service/,193,79th St,POINT (-73.97991700056134 40.78393399959032),40.783934,-73.979917,01-Feb,"1-all times, 2-nights"
http://web.mta.info/nyct/service/,194,Atlantic Ave,POINT (-73.9030969995401 40.67534466640805),40.67534467,-73.903097,L,L-all times
http://web.mta.info/nyct/service/,195,Christopher St - Sheridan Sq,POINT (-74.00290599855235 40.73342200104225),40.733422,-74.002906,01-Feb,"1-all times, 2-nights"
http://web.mta.info/nyct/service/,196,Ozone Park - Lefferts Blvd,POINT (-73.82579799906613 40.68595099878361),40.685951,-73.825798,A-S,"S to Euclid Av-nights, A-all other times"
http://web.mta.info/nyct/service/,197,Times Sq - 42nd St,POINT (-73.98769099825152 40.755477001982506),40.755477,-73.987691,7-7 Express,"7-all times, 7 Express-rush hours AM westbound, PM eastbound"
http://web.mta.info/nyct/service/,198,W 8th St - NY Aquarium,POINT (-73.97595787413822 40.576033818103646),40.57603382,-73.97595787,F-Q,"F,Q-all times"
http://web.mta.info/nyct/service/,199,28th St,POINT (-73.99336500134324 40.74721499918219),40.747215,-73.993365,01-Feb,"1-all times, 2-nights"
http://web.mta.info/nyct/service/,200,28th St,POINT (-73.98426400110407 40.743069999259035),40.74307,-73.984264,4-6-6 Express,"4 nights, 6-all times, 6 Express-weekdays AM southbound, PM northbound"
http://web.mta.info/nyct/service/,201,Pelham Bay Park,POINT (-73.82812100059289 40.85246199951662),40.852462,-73.828121,6-6 Express,"6 Express-weekdays AM southbound, PM northbound, 6-all other times"
http://web.mta.info/nyct/service/,202,Westchester Sq - E Tremont Ave,POINT (-73.84295199925012 40.839892001013915),40.839892,-73.842952,6-6 Express,"6 Express-weekdays AM southbound, PM northbound, 6-all other times"
http://web.mta.info/nyct/service/,203,18th St,POINT (-73.99787100060406 40.741039999802105),40.74104,-73.997871,01-Feb,"1-all times, 2-nights"
http://web.mta.info/nyct/service/,204,Grand Central - 42nd St,POINT (-73.97604100111508 40.751431000286864),40.751431,-73.976041,7-7 Express,"7-all times, 7 Express-rush hours AM westbound, PM eastbound"
http://web.mta.info/nyct/service/,205,Beach 67th St,POINT (-73.7969239998421 40.59092700078133),40.590927,-73.796924,A,A-all times
http://web.mta.info/nyct/service/,206,W 4th St - Washington Sq (Upper),POINT (-74.00049500225435 40.73233799774325),40.732338,-74.000495,A-C-E,"A,E-all times, C-all times exc nights"
http://web.mta.info/nyct/service/,207,85th St - Forest Pky,POINT (-73.86008700006875 40.69242699966103),40.692427,-73.860087,J,J-all times
http://web.mta.info/nyct/service/,208,Woodhaven Blvd,POINT (-73.85205199740794 40.69370399880105),40.693704,-73.852052,J-Z,"J-all times, Z-rush hours AM westbound, PM eastbound"
http://web.mta.info/nyct/service/,209,111th St,POINT (-73.83679338454697 40.697114810696476),40.69711481,-73.83679338,J,J-all times
http://web.mta.info/nyct/service/,210,121st St,POINT (-73.82834900017954 40.700481998515315),40.700482,-73.828349,J-Z,"Z-rush hours AM westbound, PM eastbound, J-all other times"
http://web.mta.info/nyct/service/,211,Halsey St,POINT (-73.90393400118631 40.69551800114878),40.695518,-73.903934,L,L-all times
http://web.mta.info/nyct/service/,212,Myrtle - Wyckoff Aves,POINT (-73.9109757182647 40.699471062427136),40.69947106,-73.91097572,L,L-all times
http://web.mta.info/nyct/service/,213,New Lots Ave,POINT (-73.88411070800329 40.6663149325969),40.66631493,-73.88411071,03-Apr,"4-nights, 3-all other times"
http://web.mta.info/nyct/service/,214,Van Siclen Ave,POINT (-73.8903580002471 40.67270999906104),40.67271,-73.890358,A-C,"A-nights, C-all other times"
http://web.mta.info/nyct/service/,215,Cleveland St,POINT (-73.8851940021643 40.679777998961164),40.679778,-73.885194,J,J-all times
http://web.mta.info/nyct/service/,216,Livonia Ave,POINT (-73.90056237226057 40.66405727094644),40.66405727,-73.90056237,L,L-all times
http://web.mta.info/nyct/service/,217,Junius St,POINT (-73.90244864183562 40.66358900181724),40.663589,-73.90244864,03-Apr,"4-nights, 3-all other times"
http://web.mta.info/nyct/service/,218,Rockaway Ave,POINT (-73.90895833584449 40.66261748815223),40.66261749,-73.90895834,03-Apr,"4-nights, 3-all other times"
http://web.mta.info/nyct/service/,219,Canarsie - Rockaway Pkwy,POINT (-73.90185000017287 40.64665366739528),40.64665367,-73.90185,L,L-all times
http://web.mta.info/nyct/service/,220,E 105th St,POINT (-73.89954769388724 40.65046878544699),40.65046879,-73.89954769,L,L-all times
http://web.mta.info/nyct/service/,221,Saratoga Ave,POINT (-73.91633025007947 40.6615297898075),40.66152979,-73.91633025,03-Apr,"4-nights, 3-all other times"
http://web.mta.info/nyct/service/,222,Sutter Ave - Rutland Road,POINT (-73.92252118536001 40.66476678877493),40.66476679,-73.92252119,03-Apr,"4-nights, 3-all other times"
http://web.mta.info/nyct/service/,223,New Lots Ave,POINT (-73.89927796057142 40.65891477368527),40.65891477,-73.89927796,L,L-all times
http://web.mta.info/nyct/service/,224,Broadway Junction,POINT (-73.90428999746412 40.67936600147369),40.679366,-73.90429,J-Z,"J-all times, Z-rush hours AM westbound, PM eastbound"
http://web.mta.info/nyct/service/,225,Alabama Ave,POINT (-73.89852600159652 40.676998000003756),40.676998,-73.898526,J,J-all times
http://web.mta.info/nyct/service/,226,Shepherd Ave,POINT (-73.88074999747269 40.6741300014559),40.67413,-73.88075,A-C,"A-nights, C-all other times"
http://web.mta.info/nyct/service/,227,Crescent St,POINT (-73.87392925215778 40.68315265707736),40.68315266,-73.87392925,J-Z,"J-all times, Z-rush hours AM westbound, PM eastbound"
http://web.mta.info/nyct/service/,228,Cypress Hills,POINT (-73.87332199882995 40.689616000838754),40.689616,-73.873322,J,J-all times
http://web.mta.info/nyct/service/,229,75th St - Eldert Ln,POINT (-73.86728799944963 40.691290001246735),40.69129,-73.867288,J-Z,"Z-rush hours AM westbound, PM eastbound, J-all other times"
http://web.mta.info/nyct/service/,230,69th St,POINT (-73.8964029993185 40.746324999410284),40.746325,-73.896403,7,7-all times
http://web.mta.info/nyct/service/,231,74th St - Broadway,POINT (-73.8912051289911 40.746867573829114),40.74686757,-73.89120513,7,7-all times
http://web.mta.info/nyct/service/,232,Woodhaven Blvd - Queens Mall,POINT (-73.86943208612348 40.73309737380972),40.73309737,-73.86943209,E-M-R,"E-nights, R-all other times, M-weekdays and evenings"
http://web.mta.info/nyct/service/,233,Myrtle - Wyckoff Aves,POINT (-73.91217899939602 40.69945400090837),40.699454,-73.912179,M,M-all times
http://web.mta.info/nyct/service/,234,Seneca Ave,POINT (-73.90758199885423 40.70291899894902),40.702919,-73.907582,M,M-all times
http://web.mta.info/nyct/service/,235,DeKalb Ave,POINT (-73.91823200219723 40.70369299961644),40.703693,-73.918232,L,L-all times
http://web.mta.info/nyct/service/,236,52nd St,POINT (-73.91254899891254 40.744149001021576),40.744149,-73.912549,7,7-all times
http://web.mta.info/nyct/service/,237,46th St,POINT (-73.91352174995538 40.756316952608096),40.75631695,-73.91352175,E-M-R,"E-nights, R-all other times, M-weekdays and evenings"
http://web.mta.info/nyct/service/,238,Northern Blvd,POINT (-73.90606508052358 40.752824829236076),40.75282483,-73.90606508,E-M-R,"E-nights, R-all other times, M-weekdays and evenings"
http://web.mta.info/nyct/service/,239,46th St,POINT (-73.91843500103973 40.74313200060382),40.743132,-73.918435,7,7-all times
http://web.mta.info/nyct/service/,240,82nd St - Jackson Hts,POINT (-73.88369700071884 40.747658999559135),40.747659,-73.883697,7,7-all times
http://web.mta.info/nyct/service/,241,90th St - Elmhurst Av,POINT (-73.87661299986985 40.74840800060913),40.748408,-73.876613,7,7-all times
http://web.mta.info/nyct/service/,242,Howard Beach - JFK Airport,POINT (-73.83030100071032 40.66047600004959),40.660476,-73.830301,A,A-all times
http://web.mta.info/nyct/service/,243,Aqueduct - North Conduit Av,POINT (-73.83405799948723 40.668234001699815),40.668234,-73.834058,A,A-all times
http://web.mta.info/nyct/service/,244,Briarwood - Van Wyck Blvd,POINT (-73.82069263637443 40.70916181536946),40.70916182,-73.82069264,E-F,"E-evenings, weekends, nights, F-all times"
http://web.mta.info/nyct/service/,245,Forest Hills - 71st Av,POINT (-73.84451672012669 40.72159430953587),40.72159431,-73.84451672,E-F-M-R,"E,F-all times, M-weekdays and evenings, R-all times exc nights"
http://web.mta.info/nyct/service/,246,Sutphin Blvd,POINT (-73.81083299897232 40.70541799906764),40.705418,-73.810833,F,F-all times
http://web.mta.info/nyct/service/,247,Jamaica Ctr - Parsons / Archer,POINT (-73.80109632298924 40.70206737621188),40.70206738,-73.80109632,E-J-Z,"E,J-all times, Z-rush hours AM westbound, PM eastbound"
http://web.mta.info/nyct/service/,248,225th St,POINT (-73.86021461772737 40.88802825863786),40.88802826,-73.86021462,02-May,"2-all times, 5-rush hours AM southbound, PM northbound"
http://web.mta.info/nyct/service/,249,Elder Ave,POINT (-73.87915899874777 40.82858400108929),40.828584,-73.879159,6,6-all times
http://web.mta.info/nyct/service/,250,Longwood Ave,POINT (-73.89643499897414 40.816103999972405),40.816104,-73.896435,6,6-all times
http://web.mta.info/nyct/service/,251,Astoria Blvd,POINT (-73.91809500109238 40.77003699949086),40.770037,-73.918095,N-W,"N-all times, W part time"
http://web.mta.info/nyct/service/,252,Astoria - Ditmars Blvd,POINT (-73.9120340001031 40.775035666523664),40.77503567,-73.912034,N-W,"N-all times, W part time"
http://web.mta.info/nyct/service/,253,Jackson Ave,POINT (-73.9077019387083 40.81643746686396),40.81643747,-73.90770194,02-May,"2-all times, 5-all times exc nights, skips rush hours AM southbound, PM northbound"
http://web.mta.info/nyct/service/,254,Prospect Ave,POINT (-73.90177778730917 40.81948726483844),40.81948726,-73.90177779,02-May,"2-all times, 5-all times exc nights, skips rush hours AM southbound, PM northbound"
http://web.mta.info/nyct/service/,255,Cypress Ave,POINT (-73.91404199994753 40.8053680007636),40.805368,-73.914042,6,6-all times
http://web.mta.info/nyct/service/,256,174th St,POINT (-73.88769359812888 40.837195550170605),40.83719555,-73.8876936,02-May,"2-all times, 5-all times exc nights, skips rush hours AM southbound, PM northbound"
http://web.mta.info/nyct/service/,257,Allerton Ave,POINT (-73.86723422851625 40.86548337793927),40.86548338,-73.86723423,02-May,"2-all times, 5-rush hours AM southbound, PM northbound"
http://web.mta.info/nyct/service/,258,E 143rd St - St Mary's St,POINT (-73.90765699936489 40.80871900090143),40.808719,-73.907657,6,6-all times
http://web.mta.info/nyct/service/,259,Kingsbridge Rd,POINT (-73.89717400101743 40.867760000885795),40.86776,-73.897174,4,4-all times
http://web.mta.info/nyct/service/,260,Bedford Park Blvd - Lehman College,POINT (-73.89006400069478 40.87341199980121),40.873412,-73.890064,4,4-all times
http://web.mta.info/nyct/service/,261,Harlem - 148 St,POINT (-73.93647000005559 40.82388000080457),40.82388,-73.93647,3,3-all times
http://web.mta.info/nyct/service/,262,Mt Eden Ave,POINT (-73.9146849986034 40.84443400092679),40.844434,-73.914685,4,4-all times
http://web.mta.info/nyct/service/,263,Fordham Rd,POINT (-73.89774900102401 40.861295998683495),40.861296,-73.897749,B-D,"B-rush hours, D-all times"
http://web.mta.info/nyct/service/,264,170th St,POINT (-73.91779099745928 40.84007499993004),40.840075,-73.917791,4,4-all times
http://web.mta.info/nyct/service/,265,Bedford Park Blvd,POINT (-73.88713799889574 40.87324399861646),40.873244,-73.887138,B-D,"B-rush hours, D-all times"
http://web.mta.info/nyct/service/,266,Marble Hill - 225th St,POINT (-73.90983099923551 40.87456099941789),40.874561,-73.909831,1,1-all times
http://web.mta.info/nyct/service/,267,231st St,POINT (-73.90483400107873 40.87885599817935),40.878856,-73.904834,1,1-all times
http://web.mta.info/nyct/service/,268,215th St,POINT (-73.91527899954356 40.86944399946045),40.869444,-73.915279,1,1-all times
http://web.mta.info/nyct/service/,269,207th St,POINT (-73.91881900132312 40.864614000525854),40.864614,-73.918819,1,1-all times
http://web.mta.info/nyct/service/,270,Inwood - 207th St,POINT (-73.91989900100465 40.86807199999737),40.868072,-73.919899,A,A-all times
http://web.mta.info/nyct/service/,271,Van Cortlandt Park - 242nd St,POINT (-73.89858300049647 40.88924800011476),40.889248,-73.898583,1,1-all times
http://web.mta.info/nyct/service/,272,West Farms Sq - E Tremont Av,POINT (-73.87996127877184 40.84020763241799),40.84020763,-73.87996128,02-May,"2-all times, 5-all times exc nights, skips rush hours AM southbound, PM northbound"
http://web.mta.info/nyct/service/,273,219th St,POINT (-73.8625097078866 40.883887974625274),40.88388797,-73.86250971,02-May,"2-all times, 5-rush hours AM southbound, PM northbound"
http://web.mta.info/nyct/service/,274,Mosholu Pkwy,POINT (-73.88465499988732 40.87974999947229),40.87975,-73.884655,4,4-all times
http://web.mta.info/nyct/service/,275,Norwood - 205th St,POINT (-73.87885499918691 40.87481100011182),40.874811,-73.878855,D,D-all times
http://web.mta.info/nyct/service/,276,Burke Ave,POINT (-73.86705361747603 40.87125880254771),40.8712588,-73.86705362,02-May,"2-all times, 5-rush hours AM southbound, PM northbound"
http://web.mta.info/nyct/service/,277,Baychester Ave,POINT (-73.83859099802153 40.87866300037311),40.878663,-73.838591,5,5-all times
http://web.mta.info/nyct/service/,278,Eastchester - Dyre Ave,POINT (-73.8308340021742 40.88829999901007),40.8883,-73.830834,5,5-all times
http://web.mta.info/nyct/service/,279,Jamaica - 179th St,POINT (-73.78381700176453 40.712645666744045),40.71264567,-73.783817,F,F-all times
http://web.mta.info/nyct/service/,280,Wakefield - 241st St,POINT (-73.8506199987954 40.903125000541245),40.903125,-73.85062,2,2-all times
http://web.mta.info/nyct/service/,281,Botanic Garden,POINT (-73.95924499945693 40.670342666584396),40.67034267,-73.959245,S,S Franklin Av-Fulton St to Prospect Park-all times
http://web.mta.info/nyct/service/,282,Bushwick - Aberdeen,POINT (-73.90526176305106 40.68286062551184),40.68286063,-73.90526176,L,L-all times
http://web.mta.info/nyct/service/,283,Broadway Junction,POINT (-73.90311757920684 40.67845624842869),40.67845625,-73.90311758,L,L-all times
http://web.mta.info/nyct/service/,284,Gun Hill Rd,POINT (-73.84638400151765 40.86952599962676),40.869526,-73.846384,5,5-all times
http://web.mta.info/nyct/service/,285,E 180th St,POINT (-73.87334609510884 40.8418630412186),40.84186304,-73.8733461,02-May,"2,5-all times"
http://web.mta.info/nyct/service/,286,Dyckman St,POINT (-73.92553600006474 40.86053100138796),40.860531,-73.925536,1,1-all times
http://web.mta.info/nyct/service/,287,125th St,POINT (-73.95837200097044 40.815580999978934),40.815581,-73.958372,1,1-all times
http://web.mta.info/nyct/service/,288,Franklin Ave - Fulton St,POINT (-73.95582700110425 40.68059566598263),40.68059567,-73.955827,S,S to Prospect Park-all times
http://web.mta.info/nyct/service/,289,149th St - Grand Concourse,POINT (-73.92672247438611 40.81833014409742),40.81833014,-73.92672247,02-May,"2-all times, 5-all times exc nights"
http://web.mta.info/nyct/service/,290,3rd Ave - 149th St,POINT (-73.91779152760981 40.816029252510006),40.81602925,-73.91779153,02-May,"2-all times, 5-all times exc nights"
http://web.mta.info/nyct/service/,291,167th St,POINT (-73.92139999784426 40.83553699933672),40.835537,-73.9214,4,4-all times
http://web.mta.info/nyct/service/,292,Brook Ave,POINT (-73.91923999909432 40.80756599987699),40.807566,-73.91924,6,6-all times
http://web.mta.info/nyct/service/,293,33rd St,POINT (-73.93099699953838 40.74458699983993),40.744587,-73.930997,7,7-all times
http://web.mta.info/nyct/service/,294,40th St,POINT (-73.9240159984882 40.74378100149132),40.743781,-73.924016,7,7-all times
http://web.mta.info/nyct/service/,295,145th St,POINT (-73.94408792823116 40.824766360871905),40.82476636,-73.94408793,A-B-C-D,"A,D-all times, B-weekdays and evenings, C-all times exc nights"
http://web.mta.info/nyct/service/,296,155th St,POINT (-73.93820899811622 40.8301349999812),40.830135,-73.938209,B-D,"B-rush hours, D-all times, skips rush hours AM southbound, PM northbound"
http://web.mta.info/nyct/service/,297,161st St - Yankee Stadium,POINT (-73.92565099775477 40.827904998845845),40.827905,-73.925651,B-D,"B-rush hours, D-all times, skips rush hours AM southbound, PM northbound"
http://web.mta.info/nyct/service/,298,Utica Ave,POINT (-73.93072899914027 40.67936399950546),40.679364,-73.930729,A-C,"A-all times, C-all times exc nights"
http://web.mta.info/nyct/service/,299,Steinway St,POINT (-73.9205264716827 40.75698735912575),40.75698736,-73.92052647,E-M-R,"E-nights, R-all other times, M-weekdays and evenings"
http://web.mta.info/nyct/service/,300,Kosciuszko St,POINT (-73.92850899927413 40.69317200129202),40.693172,-73.928509,J,J-all times
http://web.mta.info/nyct/service/,301,Gates Ave,POINT (-73.92215600150752 40.689583999013905),40.689584,-73.922156,J-Z,"Z-rush hours AM westbound, PM eastbound, J-all other times"
http://web.mta.info/nyct/service/,302,Central Ave,POINT (-73.92724299902838 40.69787300011831),40.697873,-73.927243,M,M-all times
http://web.mta.info/nyct/service/,303,Knickerbocker Ave,POINT (-73.91972000188625 40.69866000123805),40.69866,-73.91972,M,M-all times
http://web.mta.info/nyct/service/,304,30th Ave,POINT (-73.9214790001739 40.76677866673298),40.76677867,-73.921479,N-W,"N-all times, W part time"
http://web.mta.info/nyct/service/,305,Jefferson St,POINT (-73.9229130000312 40.706606665988716),40.70660667,-73.922913,L,L-all times
http://web.mta.info/nyct/service/,306,Morgan Ave,POINT (-73.93314700024209 40.70615166680729),40.70615167,-73.933147,L,L-all times
http://web.mta.info/nyct/service/,307,Queens Plz,POINT (-73.93713823965695 40.74891771986323),40.74891772,-73.93713824,E-M-R,"E-all times, M-weekdays and evenings, R-all times exc nights"
http://web.mta.info/nyct/service/,308,18th Ave,POINT (-73.97697099965796 40.62975466638584),40.62975467,-73.976971,F,F-all times
http://web.mta.info/nyct/service/,309,77th St,POINT (-74.0255099996266 40.629741666886915),40.62974167,-74.02551,R,R-all times
http://web.mta.info/nyct/service/,310,Bay Ridge Ave,POINT (-74.02337699950728 40.63496666682377),40.63496667,-74.023377,R,R-all times
http://web.mta.info/nyct/service/,311,50th St,POINT (-73.9946587805514 40.636260890961395),40.63626089,-73.99465878,D,D-all times
http://web.mta.info/nyct/service/,312,Ft Hamilton Pkwy,POINT (-74.00535100046275 40.63138566722445),40.63138567,-74.005351,N,N-all times
http://web.mta.info/nyct/service/,313,25th Ave,POINT (-73.98682900011477 40.59770366695856),40.59770367,-73.986829,D,D-all times
http://web.mta.info/nyct/service/,314,Bay Pky,POINT (-73.9936762000529 40.601950461572315),40.60195046,-73.9936762,D,D-all times
http://web.mta.info/nyct/service/,315,20th Ave,POINT (-73.98452199846113 40.617108999866005),40.617109,-73.984522,N,N-all times
http://web.mta.info/nyct/service/,316,18th Ave,POINT (-73.99045399865993 40.620686997680025),40.620687,-73.990454,N,N-all times
http://web.mta.info/nyct/service/,317,Bay Ridge - 95th St,POINT (-74.03087600085765 40.61662166725951),40.61662167,-74.030876,R,R-all times
http://web.mta.info/nyct/service/,318,86th St,POINT (-74.0283979999864 40.62268666715025),40.62268667,-74.028398,R,R-all times
http://web.mta.info/nyct/service/,319,79th St,POINT (-74.00058287431507 40.61315892569516),40.61315893,-74.00058287,D,D-all times
http://web.mta.info/nyct/service/,320,71st St,POINT (-73.99884094850685 40.61925870977273),40.61925871,-73.99884095,D,D-all times
http://web.mta.info/nyct/service/,321,20th Ave,POINT (-73.99817432157568 40.60467699816932),40.604677,-73.99817432,D,D-all times
http://web.mta.info/nyct/service/,322,18th Ave,POINT (-74.00159259239406 40.60773573171741),40.60773573,-74.00159259,D,D-all times
http://web.mta.info/nyct/service/,323,62nd St,POINT (-73.99685724994863 40.626224462922195),40.62622446,-73.99685725,D,D-all times
http://web.mta.info/nyct/service/,324,New Utrecht Ave,POINT (-73.99635300025969 40.62484166725887),40.62484167,-73.996353,N,N-all times
http://web.mta.info/nyct/service/,325,Ave U,POINT (-73.97337641974885 40.59592482551748),40.59592483,-73.97337642,F,F-all times
http://web.mta.info/nyct/service/,326,Kings Hwy,POINT (-73.9723553085244 40.603258405128265),40.60325841,-73.97235531,F,F-all times
http://web.mta.info/nyct/service/,327,Brighton Beach,POINT (-73.96135378598797 40.577710196642435),40.5777102,-73.96135379,B-Q,"B-weekdays and evenings, Q-all times"
http://web.mta.info/nyct/service/,328,Sheepshead Bay,POINT (-73.95405791257907 40.58654754707536),40.58654755,-73.95405791,B-Q,"B-weekdays and evenings, Q-all times"
http://web.mta.info/nyct/service/,329,Ave U,POINT (-73.95581122316301 40.59930895095475),40.59930895,-73.95581122,Q,Q-all times
http://web.mta.info/nyct/service/,330,Kings Hwy,POINT (-73.95760873538083 40.608638645396006),40.60863865,-73.95760874,B-Q,"B-weekdays and evenings, Q-all times"
http://web.mta.info/nyct/service/,331,Ave U,POINT (-73.97908400099428 40.597235999920436),40.597236,-73.979084,N,N-all times
http://web.mta.info/nyct/service/,332,Kings Hwy,POINT (-73.98037300229343 40.60405899980493),40.604059,-73.980373,N,N-all times
http://web.mta.info/nyct/service/,333,Neptune Ave,POINT (-73.97459272818807 40.580738758491464),40.58073876,-73.97459273,F,F-all times
http://web.mta.info/nyct/service/,334,Ave X,POINT (-73.97426599968905 40.589449666625285),40.58944967,-73.974266,F,F-all times
http://web.mta.info/nyct/service/,335,Bay 50th St,POINT (-73.98376500045946 40.58884066651933),40.58884067,-73.983765,D,D-all times
http://web.mta.info/nyct/service/,336,Gravesend - 86th St,POINT (-73.97818899936274 40.59246500088859),40.592465,-73.978189,N,N-all times
http://web.mta.info/nyct/service/,337,Ave P,POINT (-73.97300281528751 40.608842808949916),40.60884281,-73.97300282,F,F-all times
http://web.mta.info/nyct/service/,338,Ave N,POINT (-73.97404850873143 40.61435671190883),40.61435671,-73.97404851,F,F-all times
http://web.mta.info/nyct/service/,339,Bay Pky,POINT (-73.9752569782215 40.62073162316788),40.62073162,-73.97525698,F,F-all times
http://web.mta.info/nyct/service/,340,Ave M,POINT (-73.9592431052215 40.617397744443736),40.61739774,-73.95924311,Q,Q-all times
http://web.mta.info/nyct/service/,341,Bay Pky,POINT (-73.98178001069293 40.61145578989005),40.61145579,-73.98178001,N,N-all times
http://web.mta.info/nyct/service/,342,Ave I,POINT (-73.97606933170925 40.62501744019143),40.62501744,-73.97606933,F,F-all times
http://web.mta.info/nyct/service/,343,Ave J,POINT (-73.96069316246925 40.625022819915166),40.62502282,-73.96069316,Q,Q-all times
http://web.mta.info/nyct/service/,344,Ave H,POINT (-73.96151793942495 40.62920837758969),40.62920838,-73.96151794,Q,Q-all times
http://web.mta.info/nyct/service/,345,Neck Rd,POINT (-73.95507827493762 40.59532169111695),40.59532169,-73.95507827,Q,Q-all times
http://web.mta.info/nyct/service/,346,21st St - Queensbridge,POINT (-73.94193761457447 40.75373927087553),40.75373927,-73.94193761,F,F-all times
http://web.mta.info/nyct/service/,347,50th St,POINT (-73.98598400026407 40.76245599925997),40.762456,-73.985984,A-C-E,"A-nights, C-all other times, E-all times"
http://web.mta.info/nyct/service/,348,7th Ave,POINT (-73.98169782344476 40.76297015245628),40.76297015,-73.98169782,B-D-E,"D,E-all times, B-weekdays and evenings"
http://web.mta.info/nyct/service/,349,47th-50th Sts - Rockefeller Ctr,POINT (-73.98133100227702 40.75864100159815),40.758641,-73.981331,B-D-F-M,"B,M-weekdays and evenings, D,F-all times"
http://web.mta.info/nyct/service/,350,57th St,POINT (-73.97736800085171 40.76408500081713),40.764085,-73.977368,F,F-all times
http://web.mta.info/nyct/service/,351,Lexington Ave - 63rd St,POINT (-73.96608964413245 40.76461809442373),40.76461809,-73.96608964,F-Q,"F-all times, Q all times"
http://web.mta.info/nyct/service/,352,Roosevelt Island - Main St,POINT (-73.95323499978866 40.75917199967108),40.759172,-73.953235,F,F-all times
http://web.mta.info/nyct/service/,353,59th St - Columbus Circle,POINT (-73.98164872301398 40.768249531776064),40.76824953,-73.98164872,A-B-C-D,"A,D-all times, B-weekdays and evenings, C-all times exc nights"
http://web.mta.info/nyct/service/,354,49th St,POINT (-73.98420956591096 40.759801973870694),40.75980197,-73.98420957,N-Q-R-W,"N-all times, Q-all times exc weekends, R-all times exc nights, W part time"
http://web.mta.info/nyct/service/,355,57th St,POINT (-73.98072973372128 40.76456552501829),40.76456553,-73.98072973,N-Q-R-W,"N,Q-all times, R-all times exc nights, W part time"
http://web.mta.info/nyct/service/,356,5th Ave - 59th St,POINT (-73.97334700047045 40.764810999755284),40.764811,-73.973347,N-R-W,"N-all times, R-all times exc nights, W part time"
http://web.mta.info/nyct/service/,357,Lexington Ave - 59th St,POINT (-73.96737501711436 40.762708855394564),40.76270886,-73.96737502,N-R-W,"N-all times, R-all times exc nights, W part time"
http://web.mta.info/nyct/service/,358,34th St - Penn Station,POINT (-73.99105699913983 40.75037300003949),40.750373,-73.991057,01/02/2003,"1,2,3-all times"
http://web.mta.info/nyct/service/,359,Times Sq - 42nd St,POINT (-73.98749500051885 40.75528999995681),40.75529,-73.987495,01/02/2003,"1,2,3-all times"
http://web.mta.info/nyct/service/,360,Fulton St,POINT (-74.00762309323994 40.71016216530185),40.71016217,-74.00762309,A-C,"A-all times, C-all times exc nights"
http://web.mta.info/nyct/service/,361,Chambers St,POINT (-74.00858473570133 40.714111000774025),40.714111,-74.00858474,A-C,"A-all times, C-all times exc nights"
http://web.mta.info/nyct/service/,362,42nd St - Port Authority Bus Term,POINT (-73.98973500085859 40.757307998551504),40.757308,-73.989735,A-C-E,"A,E-all times, C-all times exc nights"
http://web.mta.info/nyct/service/,363,Myrtle-Willoughby Aves,POINT (-73.94906699890156 40.69461899903765),40.694619,-73.949067,G,G-all times
http://web.mta.info/nyct/service/,364,Flushing Ave,POINT (-73.9502340010257 40.70037666622154),40.70037667,-73.950234,G,G-all times
http://web.mta.info/nyct/service/,365,23rd St,POINT (-73.99276500471389 40.742954317826005),40.74295432,-73.992765,F-M,"F-all times, M-weekdays and evenings"
http://web.mta.info/nyct/service/,366,Herald Sq - 34th St,POINT (-73.98777189072918 40.74978939990011),40.7497894,-73.98777189,B-D-F-M,"B,M-weekdays and evenings, D,F-all times"
http://web.mta.info/nyct/service/,367,Hoyt - Schermerhorn Sts,POINT (-73.98503624034139 40.68840847580642),40.68840848,-73.98503624,A-C-G,"A,G-all times, C-all times exc nights"
http://web.mta.info/nyct/service/,368,Jay St - MetroTech,POINT (-73.98721815267317 40.692470636847084),40.69247064,-73.98721815,A-C-F,"A,F-all times, C-all times exc nights"
http://web.mta.info/nyct/service/,369,East Broadway,POINT (-73.99017700122197 40.713855001020406),40.713855,-73.990177,F,F-all times
http://web.mta.info/nyct/service/,370,Delancey St - Essex St,POINT (-73.98807806807719 40.71868074219453),40.71868074,-73.98807807,F,F-all times
http://web.mta.info/nyct/service/,371,Lower East Side - 2nd Ave,POINT (-73.98993800003434 40.72340166574911),40.72340167,-73.989938,F,F-all times
http://web.mta.info/nyct/service/,372,Flushing Ave,POINT (-73.94137734838365 40.70040440298112),40.7004044,-73.94137735,J-M,"J-all times, skips weekdays AM westbound, PM eastbound, M-all times exc nights"
http://web.mta.info/nyct/service/,373,Myrtle Ave,POINT (-73.9356230012996 40.6971950005145),40.697195,-73.935623,J-M-Z,"J,M-all times, Z-rush hours AM westbound, PM eastbound"
http://web.mta.info/nyct/service/,374,4th Av - 9th St,POINT (-73.98977899938897 40.67027166728493),40.67027167,-73.989779,F-G,"F,G-all times"
http://web.mta.info/nyct/service/,375,Smith - 9th Sts,POINT (-73.99589172790934 40.67364106090412),40.67364106,-73.99589173,F-G,"F,G-all times"
http://web.mta.info/nyct/service/,376,Bergen St,POINT (-73.99075649573565 40.68611054725977),40.68611055,-73.9907565,F-G,"F,G-all times"
http://web.mta.info/nyct/service/,377,Jay St - MetroTech,POINT (-73.98605667854612 40.69225539645323),40.6922554,-73.98605668,N-R,"N-nights, R-all other times"
http://web.mta.info/nyct/service/,378,Court St,POINT (-73.99181830901125 40.694196480776995),40.69419648,-73.99181831,N-R,"N-nights, R-all other times"
http://web.mta.info/nyct/service/,379,Union Sq - 14th St,POINT (-73.99053886181645 40.73587226699812),40.73587227,-73.99053886,N-Q-R-W,"N,Q-all times, R-all times exc nights"
http://web.mta.info/nyct/service/,380,23rd St,POINT (-73.98934400102907 40.74130266729),40.74130267,-73.989344,N-Q-R-W,"N-all times, Q-nights, R-all times exc nights"
http://web.mta.info/nyct/service/,381,Prospect Ave,POINT (-73.99287200067424 40.66541366712979),40.66541367,-73.992872,D-N-R,"D,N-nights, R-all other times"
http://web.mta.info/nyct/service/,382,4th Av - 9th St,POINT (-73.98830199974512 40.670846666842756),40.67084667,-73.988302,D-N-R,"D,N-nights, R-all other times"
http://web.mta.info/nyct/service/,383,3rd Ave,POINT (-73.98575000112093 40.73269099971662),40.732691,-73.98575,L,L-all times
http://web.mta.info/nyct/service/,384,Union Sq - 14th St,POINT (-73.99066976901818 40.73476331217923),40.73476331,-73.99066977,L,L-all times
http://web.mta.info/nyct/service/,385,Liberty Ave,POINT (-73.89654800103929 40.67454199987086),40.674542,-73.896548,A-C,"A-nights, C-all other times"
http://web.mta.info/nyct/service/,386,Broadway Junction,POINT (-73.90531600055341 40.67833366608023),40.67833367,-73.905316,A-C,"A-all times, C-all times exc nights"
http://web.mta.info/nyct/service/,387,59th St,POINT (-74.01788099953987 40.6413616662838),40.64136167,-74.017881,N-R,"N,R-all times"
http://web.mta.info/nyct/service/,388,45th St,POINT (-74.01000600074939 40.648938666612814),40.64893867,-74.010006,N-R,"N-nights, R-all times, skips nights northbound"
http://web.mta.info/nyct/service/,389,36th St,POINT (-74.00354899951809 40.65514366633887),40.65514367,-74.003549,D-N-R,"D,N,R-all times"
http://web.mta.info/nyct/service/,390,9th Ave,POINT (-73.99444874451204 40.64648407726636),40.64648408,-73.99444874,D,D-all times
http://web.mta.info/nyct/service/,391,53rd St,POINT (-74.01403399986317 40.64506866735981),40.64506867,-74.014034,N-R,"N-nights, R-all times, skips nights northbound"
http://web.mta.info/nyct/service/,392,Ft Hamilton Pkwy,POINT (-73.9942022375285 40.640912711444656),40.64091271,-73.99420224,D,D-all times
http://web.mta.info/nyct/service/,393,25th St,POINT (-73.99809099974297 40.66039666692321),40.66039667,-73.998091,D-N-R,"D,N-nights, R-all other times"
http://web.mta.info/nyct/service/,394,Carroll St,POINT (-73.99494697998841 40.68027335170176),40.68027335,-73.99494698,F-G,"F,G-all times"
http://web.mta.info/nyct/service/,395,Spring St,POINT (-74.00373899843763 40.72622700129312),40.726227,-74.003739,A-C-E,"A-nights, C-all other times, E-all times"
http://web.mta.info/nyct/service/,396,181st St,POINT (-73.93796900205011 40.851694999744616),40.851695,-73.937969,A,A-all times
http://web.mta.info/nyct/service/,397,190th St,POINT (-73.93417999964333 40.85902199892482),40.859022,-73.93418,A,A-all times
http://web.mta.info/nyct/service/,398,116th St,POINT (-73.95479778057312 40.80505813344211),40.80505813,-73.95479778,A-B-C,"A-nights, B-weekdays and evenings, C-all times exc nights"
http://web.mta.info/nyct/service/,399,125th St,POINT (-73.95224799734774 40.811071672994565),40.81107167,-73.952248,A-B-C-D,"A,D-all times, B-weekdays and evenings, C-all times exc nights"
http://web.mta.info/nyct/service/,400,Prince St,POINT (-73.99770200045987 40.72432866597571),40.72432867,-73.997702,N-Q-R-W,"N-all times, Q-nights, R-all times exc nights"
http://web.mta.info/nyct/service/,401,8th St - NYU,POINT (-73.99250799849149 40.73046499853991),40.730465,-73.992508,N-Q-R-W,"N-all times, Q-nights, R-all times exc nights"
http://web.mta.info/nyct/service/,402,Fulton St,POINT (-74.00657099970202 40.70941599925865),40.709416,-74.006571,02-Mar,"2-all times, 3-all times exc nights"
http://web.mta.info/nyct/service/,403,Park Pl,POINT (-74.00881099997359 40.713050999077694),40.713051,-74.008811,02-Mar,"2-all times, 3-all times exc nights"
http://web.mta.info/nyct/service/,404,Chambers St,POINT (-74.00926600170112 40.71547800011327),40.715478,-74.009266,01/02/2003,"1,2-all times, 3-all times exc nights"
http://web.mta.info/nyct/service/,405,Hoyt St,POINT (-73.98506379575646 40.69054418535472),40.69054419,-73.9850638,02-Mar,"2-all times, 3-all times exc nights"
http://web.mta.info/nyct/service/,406,Borough Hall,POINT (-73.98999799960687 40.693218999611084),40.693219,-73.989998,02-Mar,"2-all times, 3-all times exc nights"
http://web.mta.info/nyct/service/,407,183rd St,POINT (-73.90387900151532 40.85840700040842),40.858407,-73.903879,4,4-all times
http://web.mta.info/nyct/service/,408,Fordham Rd,POINT (-73.90103399921699 40.86280299988937),40.862803,-73.901034,4,4-all times
http://web.mta.info/nyct/service/,409,World Trade Center,POINT (-74.00974461517701 40.71256392680817),40.71256393,-74.00974462,E,E-all times
http://web.mta.info/nyct/service/,410,Canal St - Holland Tunnel,POINT (-74.0052290023424 40.72082400007119),40.720824,-74.005229,A-C-E,"A,E-all times, C-all times exc nights"
http://web.mta.info/nyct/service/,411,155th St,POINT (-73.94151400082208 40.83051799929251),40.830518,-73.941514,A-C,"A-nights, C-all other times"
http://web.mta.info/nyct/service/,412,163rd St - Amsterdam Av,POINT (-73.93989200188344 40.83601299923096),40.836013,-73.939892,A-C,"A-nights, C-all other times"
http://web.mta.info/nyct/service/,413,Fulton St,POINT (-74.00793800110387 40.71002266658424),40.71002267,-74.007938,J-Z,"J-all times, Z-rush hours AM westbound, PM eastbound"
http://web.mta.info/nyct/service/,414,Chambers St,POINT (-74.00340673031336 40.71323378962671),40.71323379,-74.00340673,J-Z,"J-all times, Z-rush hours AM westbound, PM eastbound"
http://web.mta.info/nyct/service/,415,Canal St,POINT (-73.99982638545937 40.71817387697391),40.71817388,-73.99982639,J-Z,"J-all times, Z-rush hours AM westbound, PM eastbound"
http://web.mta.info/nyct/service/,416,City Hall,POINT (-74.00698581780337 40.71327233111697),40.71327233,-74.00698582,R-W,"N-nights, R-all other times"
http://web.mta.info/nyct/service/,417,Canal St,POINT (-74.0018260000577 40.71946500105898),40.719465,-74.001826,R-W,"N-nights, R-all other times"
http://web.mta.info/nyct/service/,418,South Ferry,POINT (-74.01316895919258 40.701730507574474),40.70173051,-74.01316896,1,1-all times
http://web.mta.info/nyct/service/,419,Bowling Green,POINT (-74.01400799803432 40.70491399928076),40.704914,-74.014008,04-May,"4-all times, 5-all times exc nights"
http://web.mta.info/nyct/service/,420,Wall St,POINT (-74.01186199860112 40.70755700086603),40.707557,-74.011862,04-May,"4-all times, 5-weekdays"
http://web.mta.info/nyct/service/,421,Whitehall St,POINT (-74.0130072374272 40.703142373599135),40.70314237,-74.01300724,R-W,"N-nights, R-all other times"
http://web.mta.info/nyct/service/,422,Rector St,POINT (-74.01297456253795 40.707744756294474),40.70774476,-74.01297456,R-W,"N-nights, R-all other times"
http://web.mta.info/nyct/service/,423,Fresh Pond Rd,POINT (-73.8958980017196 40.70622599823048),40.706226,-73.895898,M,M-all times
http://web.mta.info/nyct/service/,424,Middle Village - Metropolitan Ave,POINT (-73.88957722978091 40.711431305058255),40.71143131,-73.88957723,M,M-all times
http://web.mta.info/nyct/service/,425,Rector St,POINT (-74.01378300119742 40.707512999521775),40.707513,-74.013783,1,1-all times
http://web.mta.info/nyct/service/,426,Cortlandt St,POINT (-74.01218800112292 40.7118350008202),40.711835,-74.012188,1,Temporarily closed
http://web.mta.info/nyct/service/,427,Fulton St,POINT (-74.00950899856461 40.710367998822136),40.710368,-74.009509,04-May,"4-all times, 5-weekdays"
http://web.mta.info/nyct/service/,428,Broad St,POINT (-74.01105599991755 40.706476001106005),40.706476,-74.011056,J-Z,"J-all times, Z-rush hours AM westbound, PM eastbound"
http://web.mta.info/nyct/service/,429,Cortlandt St,POINT (-74.01113196473266 40.7105129841524),40.71051298,-74.01113196,R-W,"N-nights, R-all other times"
http://web.mta.info/nyct/service/,430,Wall St,POINT (-74.00909999844257 40.706820999753376),40.706821,-74.0091,02-Mar,"2-all times, 3-all times exc nights"
http://web.mta.info/nyct/service/,431,Dyckman St,POINT (-73.92727099960726 40.865490998968916),40.865491,-73.927271,A,A-all times
http://web.mta.info/nyct/service/,432,Grand St,POINT (-73.99375299913589 40.71826699954992),40.718267,-73.993753,B-D,"B-weekdays and evenings, D-all times"
http://web.mta.info/nyct/service/,433,Broadway - Lafayette St,POINT (-73.99620399876055 40.725296998738045),40.725297,-73.996204,B-D-F-M,"B,M-weekdays and evenings, D,F-all times"
http://web.mta.info/nyct/service/,434,Bowery,POINT (-73.99380690654237 40.720246883147254),40.72024688,-73.99380691,J-Z,"J-all times, Z-rush hours AM westbound, PM eastbound"
http://web.mta.info/nyct/service/,435,Canal St,POINT (-74.00105471306033 40.718814263587134),40.71881426,-74.00105471,N-Q,"N-all times, Q-weekdays and evenings"
http://web.mta.info/nyct/service/,436,23rd St,POINT (-73.99804100117201 40.74590599939995),40.745906,-73.998041,A-C-E,"A-nights, C-all other times, E-all times"
http://web.mta.info/nyct/service/,437,34th St - Penn Station,POINT (-73.99339099970578 40.752287000775894),40.752287,-73.993391,A-C-E,"A,E-all times, C-all times exc nights"
http://web.mta.info/nyct/service/,438,Jackson Hts - Roosevelt Av,POINT (-73.89129866519697 40.74653969115889),40.74653969,-73.89129867,E-F-M-R,"E,F-all times, M-weekdays and evenings, R-all times exc nights"
http://web.mta.info/nyct/service/,439,14th St,POINT (-74.00020100063497 40.737825999728116),40.737826,-74.000201,01/02/2003,"1,2-all times, 3-all times exc nights"
http://web.mta.info/nyct/service/,440,135th St,POINT (-73.94753480879213 40.817905559212676),40.81790556,-73.94753481,A-B-C,"A-nights, B-weekdays and evenings, C-all times exc nights"
http://web.mta.info/nyct/service/,441,14th St,POINT (-73.99620899921355 40.73822799969515),40.738228,-73.996209,F-M,"F-all times, M-weekdays and evenings"
http://web.mta.info/nyct/service/,442,6th Ave,POINT (-73.99775078874781 40.73774146981052),40.73774147,-73.99775079,L,L-all times
http://web.mta.info/nyct/service/,443,8th Ave,POINT (-74.00257800104762 40.73977666638199),40.73977667,-74.002578,L,L-all times
http://web.mta.info/nyct/service/,444,14th St,POINT (-74.00168999937027 40.740893000193296),40.740893,-74.00169,A-C-E,"A,E-all times, C-all times exc nights"
http://web.mta.info/nyct/service/,445,Nostrand Ave,POINT (-73.9504262489579 40.66993815093054),40.66993815,-73.95042625,03-Apr,"4-nights, 3-all other times"
http://web.mta.info/nyct/service/,446,Clark St,POINT (-73.99308599821961 40.69746599996469),40.697466,-73.993086,02-Mar,"2-all times, 3-all times exc nights"
http://web.mta.info/nyct/service/,447,Franklin Ave,POINT (-73.95684800014614 40.68137966658742),40.68137967,-73.956848,A-C,"A-nights, C-all other times"
http://web.mta.info/nyct/service/,448,Clinton - Washington Aves,POINT (-73.96583799857275 40.68326299912644),40.683263,-73.965838,A-C,"A-nights, C-all other times"
http://web.mta.info/nyct/service/,449,Forest Ave,POINT (-73.90307500005954 40.70441200087814),40.704412,-73.903075,M,M-all times
http://web.mta.info/nyct/service/,450,110th St,POINT (-73.94424999687163 40.795020000113105),40.79502,-73.94425,4-6-6 Express,"4 nights, 6-all times, 6 Express-weekdays AM southbound, PM northbound"
http://web.mta.info/nyct/service/,451,86th St,POINT (-73.95558899985132 40.77949199820952),40.779492,-73.955589,4-5-6-6 Express,"4,6-all times, 5-all times exc nights, 6 Express-weekdays AM southbound, PM northbound"
http://web.mta.info/nyct/service/,452,York St,POINT (-73.98688499993673 40.699742667691574),40.69974267,-73.986885,F,F-all times
http://web.mta.info/nyct/service/,453,High St,POINT (-73.99053100065458 40.69933699977884),40.699337,-73.990531,A-C,"A-all times, C-all times exc nights"
http://web.mta.info/nyct/service/,454,Lafayette Ave,POINT (-73.97394599849406 40.68611300020567),40.686113,-73.973946,A-C,"A-nights, C-all other times"
http://web.mta.info/nyct/service/,455,President St,POINT (-73.95058920022207 40.667883603536815),40.6678836,-73.9505892,02-May,"2-all times, 5 weekdays"
http://web.mta.info/nyct/service/,456,Woodlawn,POINT (-73.87875099990931 40.886037000253324),40.886037,-73.878751,4,4-all times
http://web.mta.info/nyct/service/,457,Bleecker St,POINT (-73.99465900006331 40.72591466682659),40.72591467,-73.994659,4-6-6 Express,"4 nights, 6-all times, 6 Express-weekdays PM"
http://web.mta.info/nyct/service/,458,103rd St,POINT (-73.94747800152219 40.79060000008452),40.7906,-73.947478,4-6-6 Express,"4 nights, 6-all times, 6 Express-weekdays AM southbound, PM northbound"
http://web.mta.info/nyct/service/,459,Euclid Ave,POINT (-73.87210600099675 40.675376998239365),40.675377,-73.872106,A-C-S,"S to Ozone Park-Lefferts Blvd-nights, C-all other times, A-all times"
http://web.mta.info/nyct/service/,460,88th St,POINT (-73.85147000026086 40.67984300135503),40.679843,-73.85147,A-S,"A-all times, S Euclid Av to Ozone Park-Lefferts Blvd-nights"
http://web.mta.info/nyct/service/,461,Cortelyou Rd,POINT (-73.96379005505493 40.6409401651401),40.64094017,-73.96379006,Q,Q-all times
http://web.mta.info/nyct/service/,462,116th St,POINT (-73.9416169983714 40.7986290002001),40.798629,-73.941617,4-6-6 Express,"4 nights, 6-all times, 6 Express-weekdays AM southbound, PM northbound"
http://web.mta.info/nyct/service/,463,Parkchester,POINT (-73.86081600108396 40.83322599927859),40.833226,-73.860816,6-6 Express,"6-all times, 6 Express-weekdays AM southbound, PM northbound"
http://web.mta.info/nyct/service/,464,Franklin St,POINT (-74.00688600277107 40.719318001302135),40.719318,-74.006886,01-Feb,"1-all times, 2-nights"
http://web.mta.info/nyct/service/,465,80th St,POINT (-73.85899200206335 40.67937100115432),40.679371,-73.858992,A-S,"A-all times, S Euclid Av to Ozone Park-Lefferts Blvd-nights"
http://web.mta.info/nyct/service/,466,5th Ave - Bryant Pk,POINT (-73.98196299856706 40.75382100064824),40.753821,-73.981963,7-7 Express,"7-all times, 7 Express-rush hours AM westbound, PM eastbound"
http://web.mta.info/nyct/service/,467,Spring St,POINT (-73.99714100006673 40.72230099999366),40.722301,-73.997141,4-6-6 Express,"4 nights, 6-all times, 6 Express-weekdays AM southbound, PM northbound"
http://web.mta.info/nyct/service/,468,125th St,POINT (-73.93759400055725 40.804138000587244),40.804138,-73.937594,4-5-6-6 Express,"4,6-all times, 5-all times exc nights, 6 Express-weekdays AM southbound, PM northbound"
http://web.mta.info/nyct/service/,469,Coney Island - Stillwell Av,POINT (-73.9812359981396 40.57728100006751),40.577281,-73.981236,D-F-N-Q,"D,F,N,Q-all times"
http://web.mta.info/nyct/service/,470,34th St - Hudson Yards,POINT (-74.00219709442206 40.75544635961596),40.75544636,-74.00219709,7-7 Express,"7-all times, 7 Express-rush hours AM westbound, PM eastbound"
http://web.mta.info/nyct/service/,641,72nd St,POINT (-73.95836178682246 40.76880251014895),40.76880251,-73.95836179,Q,Q-all times
http://web.mta.info/nyct/service/,642,86th St,POINT (-73.95177090964917 40.77786104333163),40.77786104,-73.95177091,Q,Q-all times
http://web.mta.info/nyct/service/,643,96th St,POINT (-73.9470660219183 40.784236650177654),40.78423665,-73.94706602,Q,Q-all times